class,loading,number,result
broken,0,1,0.3924191176862122
broken,0,10,0.9063096793675731
broken,0,11,0.5519729799790145
broken,0,12,0.7495722275141666
broken,0,13,0.7448943623351857
broken,0,14,0.05510197413979678
broken,0,15,0.2450525424235106
broken,0,16,0.27442589586844013
broken,0,17,0.33517781440646055
broken,0,18,0.28153613182931103
broken,0,19,0.5998383828509514
broken,0,2,0.5388648544027521
broken,0,20,0.07132206100505778
broken,0,21,0.7376582346484402
broken,0,22,0.637853033457187
broken,0,23,0.3515623628231599
broken,0,24,0.2475844645323314
broken,0,25,0.5402143569505511
broken,0,26,0.44907610805417963
broken,0,27,0.2450936173849262
broken,0,28,0.4076602118363959
broken,0,29,0.5063870493785317
broken,0,3,0.47295115690348344
broken,0,30,0.061579290395531006
broken,0,31,0.06793103935258882
broken,0,32,0.047534665231199535
broken,0,33,0.7901749488435649
broken,0,34,0.8109310009655739
broken,0,35,0.6870066797592932
broken,0,36,0.268700133605163
broken,0,37,0.7247061325116896
broken,0,38,0.2875046911149288
broken,0,39,0.09511722678961654
broken,0,4,0.5476566660746374
broken,0,40,0.8970338080412774
broken,0,41,0.7509261570155172
broken,0,42,0.9342050099873651
broken,0,43,0.8934562086812609
broken,0,44,0.3348185070671301
broken,0,45,0.8209966569450702
broken,0,46,0.181668669205732
broken,0,47,0.8517371615193182
broken,0,48,0.9204753602324205
broken,0,49,0.49825909672230306
broken,0,5,0.46267151157100284
broken,0,50,0.32490981852744516
broken,0,51,0.559593861376476
broken,0,52,0.23246777410517638
broken,0,53,0.4546727420087664
broken,0,54,0.49528808990532713
broken,0,55,0.6419295378632555
broken,0,56,0.8669840369368047
broken,0,57,0.7827053425661676
broken,0,58,0.10592895419488257
broken,0,59,0.08113536635283258
broken,0,6,0.896098672711903
broken,0,60,0.5259077751271775
broken,0,61,0.6373163481730615
broken,0,62,0.6508895181439512
broken,0,63,0.5389449889041816
broken,0,64,0.2673039595279123
broken,0,65,0.039363451374977876
broken,0,66,0.06028927891477864
broken,0,67,0.4387230446182303
broken,0,68,0.0645025454771957
broken,0,69,0.1752446075997196
broken,0,7,0.9486148270472574
broken,0,70,0.6207100575636801
broken,0,71,0.33697201222339623
broken,0,72,0.7832969298869359
broken,0,73,0.05610293419596102
broken,0,74,0.9501610064568202
broken,0,75,0.06111358488278307
broken,0,76,0.915990821049117
broken,0,77,0.9148590940772315
broken,0,78,0.8086366096903731
broken,0,79,0.0944543083867051
broken,0,8,0.38643155291494624
broken,0,80,0.17580849904401985
broken,0,81,0.47001116688277966
broken,0,82,0.5993128468353796
broken,0,83,0.6360566232919809
broken,0,84,0.3906171941415414
broken,0,85,0.6026594112436586
broken,0,86,0.20332581970399888
broken,0,87,0.028838980642124645
broken,0,88,0.22899479584141835
broken,0,9,0.49258974294832547
broken,10,1,0.4120556462727851
broken,10,10,0.06211611676621365
broken,10,11,0.3164461696427079
broken,10,12,0.5873966360305671
broken,10,13,0.1346241433563906
broken,10,14,0.009964715151881798
broken,10,15,0.958218122876761
broken,10,16,0.18572047480916976
broken,10,17,0.2969953439742794
broken,10,18,0.1187535922461953
broken,10,19,0.6973065397368572
broken,10,2,0.5320541452631008
broken,10,20,0.9907634372403861
broken,10,21,0.5018220707825066
broken,10,22,0.3529035164176716
broken,10,23,0.8801844587878092
broken,10,24,0.7990921099579792
broken,10,25,0.07786485677485833
broken,10,26,0.999746129857386
broken,10,27,0.34549621249760554
broken,10,28,0.3360434222417964
broken,10,29,0.3950235183240681
broken,10,3,0.875538369312718
broken,10,30,0.7194203929530313
broken,10,31,0.5648243651864501
broken,10,32,0.6966324638135323
broken,10,33,0.3452375463294114
broken,10,34,0.7730392464531071
broken,10,35,0.5755149784199678
broken,10,36,0.631392233186197
broken,10,37,0.3443189922238442
broken,10,38,0.0545730758222871
broken,10,39,0.0291255200531908
broken,10,4,0.8570526260317675
broken,10,40,0.5695629695856489
broken,10,41,0.6339428827761634
broken,10,42,0.0306787832997093
broken,10,43,0.2449239543766667
broken,10,44,0.9124383796165295
broken,10,45,0.05149025725169143
broken,10,46,0.8074962733231927
broken,10,47,0.10231924198419196
broken,10,48,0.5919123463178104
broken,10,49,0.8159994871156445
broken,10,5,0.7242584306977944
broken,10,50,0.29330036640475154
broken,10,51,0.38026946938645445
broken,10,52,0.6068287426553738
broken,10,53,0.7609976033507273
broken,10,54,0.7310918362058285
broken,10,55,0.6525047968560349
broken,10,56,0.3165252524824873
broken,10,57,0.657664161279636
broken,10,58,0.12828768237743837
broken,10,59,0.993293124565586
broken,10,6,0.12989265001920558
broken,10,60,0.9613776200323788
broken,10,61,0.40867737638875423
broken,10,62,0.7440813653351784
broken,10,63,0.9331892304069799
broken,10,64,0.6621874603748228
broken,10,65,0.7360102898758387
broken,10,66,0.13736031301098983
broken,10,67,0.3677356722954652
broken,10,68,0.7615162438085563
broken,10,69,0.9460626908924985
broken,10,7,0.8861905227783775
broken,10,70,0.1285336980237537
broken,10,71,0.2906455743875441
broken,10,72,0.272403885341189
broken,10,73,0.8961363865348566
broken,10,74,0.9441658252103473
broken,10,75,0.3878970406076524
broken,10,76,0.7951493040817504
broken,10,77,0.6816963671204065
broken,10,78,0.5247092864446227
broken,10,79,0.9904403298669652
broken,10,8,0.3968952427496427
broken,10,80,0.26773633879053604
broken,10,81,0.5819332261467293
broken,10,82,0.8564654218521156
broken,10,83,0.8420626332260598
broken,10,84,0.6711156098673071
broken,10,85,0.3360846490394065
broken,10,86,0.46302251194421895
broken,10,87,0.20089329064969497
broken,10,88,0.6872848380570813
broken,10,9,0.4886530416574737
broken,20,1,0.22353591497675251
broken,20,10,0.5392168471920561
broken,20,11,0.7862962378746644
broken,20,12,0.7310166950599455
broken,20,13,0.5379584926975615
broken,20,14,0.5222349412999541
broken,20,15,0.7076534616160427
broken,20,16,0.5900622562090424
broken,20,17,0.19665191747088517
broken,20,18,0.6565307834693083
broken,20,19,0.7815273035646996
broken,20,2,0.7696720227941328
broken,20,20,0.674952232082305
broken,20,21,0.5423566749026492
broken,20,22,0.42350087007726755
broken,20,23,0.9176023516077139
broken,20,24,0.479560440389435
broken,20,25,0.8733611609722579
broken,20,26,0.5562465392920505
broken,20,27,0.22151233493115052
broken,20,28,0.015815223092696562
broken,20,29,0.031223581664148403
broken,20,3,0.8357835917717195
broken,20,30,0.9741291383953736
broken,20,31,0.13322613472836575
broken,20,32,0.8623791608846127
broken,20,33,0.846787059810415
broken,20,34,0.27157227149308305
broken,20,35,0.630946668437868
broken,20,36,0.6026379556550376
broken,20,37,0.7296112353257153
broken,20,38,0.11096476605277472
broken,20,39,0.06768190763339355
broken,20,4,0.07922255930754751
broken,20,40,0.872780966096235
broken,20,41,0.16562427594635964
broken,20,42,0.9222446122493138
broken,20,43,0.9095138734847213
broken,20,44,0.8760538832298415
broken,20,45,0.22327814704596627
broken,20,46,0.43195751628609313
broken,20,47,0.8344555956395524
broken,20,48,0.7673004239368882
broken,20,49,0.9968432397385144
broken,20,5,0.30903294350765353
broken,20,50,0.4367389240819254
broken,20,51,0.03173375076779095
broken,20,52,0.054054410595848146
broken,20,53,0.2476243735314575
broken,20,54,0.7528744413212249
broken,20,55,0.2831765442547326
broken,20,56,0.8919051035453932
broken,20,57,0.38335021846986084
broken,20,58,0.5862304456922011
broken,20,59,0.031827737447517435
broken,20,6,0.0499502942227279
broken,20,60,0.6952483089665271
broken,20,61,0.618086961431881
broken,20,62,0.32836315127369187
broken,20,63,0.6630254565607495
broken,20,64,0.4787727931655902
broken,20,65,0.42154021873263225
broken,20,66,0.7054134389903519
broken,20,67,0.38736461374018316
broken,20,68,0.060861548238523744
broken,20,69,0.0544637825923604
broken,20,7,0.7198602834123566
broken,20,70,0.21175289515902973
broken,20,71,0.4934337293629697
broken,20,72,0.22665836980758403
broken,20,73,0.9832656401497866
broken,20,74,0.7504427024237647
broken,20,75,0.9659159631769593
broken,20,76,0.18028440839196203
broken,20,77,0.13216446664045833
broken,20,78,0.19671281493490855
broken,20,79,0.5433329552922477
broken,20,8,0.054435399275273855
broken,20,80,0.830599005045851
broken,20,81,0.819756247418537
broken,20,82,0.4802424080395139
broken,20,83,0.17436162698485969
broken,20,84,0.4464708790852978
broken,20,85,0.7427071383990166
broken,20,86,0.29988010567315015
broken,20,87,0.9443013657414888
broken,20,88,0.07609137629588458
broken,20,9,0.9331468341581614
broken,30,1,0.533406886093048
broken,30,10,0.40168658775162736
broken,30,11,0.5516332468684091
broken,30,12,0.6981076407685587
broken,30,13,0.06168627723050302
broken,30,14,0.437389250375144
broken,30,15,0.9072786756045335
broken,30,16,0.3066310850855789
broken,30,17,0.6691961263909031
broken,30,18,0.23927248078402485
broken,30,19,0.2329143573231045
broken,30,2,0.24145911719773705
broken,30,20,0.15436611009588552
broken,30,21,0.09992471488276033
broken,30,22,0.3233739232576859
broken,30,23,0.7392718033290132
broken,30,24,0.6652397090002099
broken,30,25,0.2738140767944959
broken,30,26,0.19513955764313295
broken,30,27,0.7718105713174792
broken,30,28,0.09555544410603545
broken,30,29,0.9824348001906845
broken,30,3,0.2433059039679959
broken,30,30,0.4413925056423763
broken,30,31,0.7518289761427661
broken,30,32,0.8202617798092044
broken,30,33,0.3820160728192299
broken,30,34,0.5090338913740724
broken,30,35,0.6852878724579423
broken,30,36,0.7374717636061529
broken,30,37,0.3568645836401443
broken,30,38,0.5458684520789326
broken,30,39,0.7137621009501206
broken,30,4,0.26433673194140717
broken,30,40,0.7419260379223154
broken,30,41,0.7423083925248027
broken,30,42,0.7400241547817823
broken,30,43,0.7818820795105952
broken,30,44,0.9619168722849862
broken,30,45,0.09790998758246539
broken,30,46,0.6382753411853326
broken,30,47,0.819874968882194
broken,30,48,0.9734256818506601
broken,30,49,0.755686341265813
broken,30,5,0.028093125917589723
broken,30,50,0.9563614692254219
broken,30,51,0.013730914828623098
broken,30,52,0.506502273556138
broken,30,53,0.33847141496106403
broken,30,54,0.864518624965303
broken,30,55,0.33949702889161526
broken,30,56,0.14281334298349857
broken,30,57,0.07777189619407554
broken,30,58,0.9500914089035891
broken,30,59,0.06301298853278259
broken,30,6,0.8787801002286613
broken,30,60,0.213166846809556
broken,30,61,0.3300633307185312
broken,30,62,0.2106353306295745
broken,30,63,0.1118943984189158
broken,30,64,0.9880383551351274
broken,30,65,0.1890488961800888
broken,30,66,0.075203839303003
broken,30,67,0.07836077822133836
broken,30,68,0.9839687083975143
broken,30,69,0.47607097753033467
broken,30,7,0.7425529458419535
broken,30,70,0.23100308562501048
broken,30,71,0.23273324317795485
broken,30,72,0.33151981908949746
broken,30,73,0.19075927939857606
broken,30,74,0.5274529900411984
broken,30,75,0.4673245526960209
broken,30,76,0.003418490550606501
broken,30,77,0.2543941565859881
broken,30,78,0.3249764060315681
broken,30,79,0.007268391828193832
broken,30,8,0.3561459798783507
broken,30,80,0.6675937878518265
broken,30,81,0.1297627545466219
broken,30,82,0.690396105376098
broken,30,83,0.40262871326909233
broken,30,84,0.3161447192629475
broken,30,85,0.16615105946978304
broken,30,86,0.9415978060104753
broken,30,87,0.1367091331993744
broken,30,88,0.3550724123542184
broken,30,9,0.9313997929196293
broken,40,1,0.19081955569299958
broken,40,10,0.9082293008405986
broken,40,11,0.19756064295918518
broken,40,12,0.12895264233759007
broken,40,13,0.6672756125128889
broken,40,14,0.44564986241227056
broken,40,15,0.3095813507592514
broken,40,16,0.3695964425032201
broken,40,17,0.19950427664657477
broken,40,18,0.3248888278986486
broken,40,19,0.365390194208568
broken,40,2,0.08798633010418266
broken,40,20,0.604900799315009
broken,40,21,0.02263579009141503
broken,40,22,0.08616530264540367
broken,40,23,0.05782652826515422
broken,40,24,0.699645373028629
broken,40,25,0.473908036116639
broken,40,26,0.3741482299464197
broken,40,27,0.6434493748447071
broken,40,28,0.028843628162397827
broken,40,29,0.5644434491217436
broken,40,3,0.21260921113118691
broken,40,30,0.22584733216030017
broken,40,31,0.302558298784821
broken,40,32,0.5652890028105787
broken,40,33,0.11770827143095319
broken,40,34,0.8801594773696316
broken,40,35,0.34102164632651066
broken,40,36,0.9885417064772516
broken,40,37,0.2967325944604994
broken,40,38,0.29278878779870676
broken,40,39,0.5642208429643258
broken,40,4,0.5735610302100999
broken,40,40,0.26003864878310134
broken,40,41,0.810395557801569
broken,40,42,0.3145551257603434
broken,40,43,0.89247533925602
broken,40,44,0.01695117277129876
broken,40,45,0.4298425254837168
broken,40,46,0.001041752772974025
broken,40,47,0.6796954914335712
broken,40,48,0.4391746055247344
broken,40,49,0.7864761922676374
broken,40,5,0.6433613043950039
broken,40,50,0.966529784166446
broken,40,51,0.8779165320982426
broken,40,52,0.5322170919194549
broken,40,53,0.5116887612580754
broken,40,54,0.1914123291475247
broken,40,55,0.49879354071992443
broken,40,56,0.20957517036375695
broken,40,57,0.20918357499379536
broken,40,58,0.09247813926556148
broken,40,59,0.3328264141314423
broken,40,6,0.07046574656505378
broken,40,60,0.025509389320171105
broken,40,61,0.8781252544639206
broken,40,62,0.9788740737955757
broken,40,63,0.12708596560199137
broken,40,64,0.8890872808600565
broken,40,65,0.38288297982831665
broken,40,66,0.153432444788413
broken,40,67,0.0002877653799731039
broken,40,68,0.07969006563524228
broken,40,69,0.5699435531741079
broken,40,7,0.9319190858290571
broken,40,70,0.09015104844489841
broken,40,71,0.6932525509196011
broken,40,72,0.2786051303335628
broken,40,73,0.17516605674602637
broken,40,74,0.4941364164220724
broken,40,75,0.9646644683174418
broken,40,76,0.6241155998481429
broken,40,77,0.9884124797190137
broken,40,78,0.9402764784256739
broken,40,79,0.8498043703078162
broken,40,8,0.10845394938865827
broken,40,80,0.8002609128012657
broken,40,81,0.6360941004622926
broken,40,82,0.7284717336985833
broken,40,83,0.28137897020447344
broken,40,84,0.33932095847024035
broken,40,85,0.6794504985868963
broken,40,86,0.34370863704273524
broken,40,87,0.1796707992678679
broken,40,88,0.9870126461589089
broken,40,9,0.8769205166456215
broken,50,1,0.28149573463569055
broken,50,10,0.24364795973467468
broken,50,11,0.7231721044534836
broken,50,12,0.2992655426170783
broken,50,13,0.34849938003976233
broken,50,14,0.006595474636504006
broken,50,15,0.07695669722019838
broken,50,16,0.18816275374381786
broken,50,17,0.4290874185895831
broken,50,18,0.6755991013136278
broken,50,19,0.21380308554634964
broken,50,2,0.3435894906473327
broken,50,20,0.6905034163000696
broken,50,21,0.1067195543148024
broken,50,22,0.33030944494879255
broken,50,23,0.16842610199965002
broken,50,24,0.8307274097329183
broken,50,25,0.3753755206216852
broken,50,26,0.8572172295771338
broken,50,27,0.9360188936240494
broken,50,28,0.5509683596975848
broken,50,29,0.6625872164174631
broken,50,3,0.9451165312651777
broken,50,30,0.021048732676226645
broken,50,31,0.6102959178975467
broken,50,32,0.5739131228452191
broken,50,33,0.3973142716631899
broken,50,34,0.6270664458069041
broken,50,35,0.3800014417694719
broken,50,36,0.9033835722661935
broken,50,37,0.01505732432485063
broken,50,38,0.367531001235212
broken,50,39,0.9594201373006338
broken,50,4,0.8858671118230934
broken,50,40,0.9440698321981882
broken,50,41,0.10465862742609089
broken,50,42,0.6027014984925843
broken,50,43,0.1296954043602424
broken,50,44,0.22833418563274344
broken,50,45,0.09430037043112693
broken,50,46,0.8845346562607886
broken,50,47,0.9387067344190805
broken,50,48,0.06811891098090139
broken,50,49,0.3589007906990509
broken,50,5,0.9050529913824739
broken,50,50,0.23103614270177797
broken,50,51,0.687753985708963
broken,50,52,0.3040077733033252
broken,50,53,0.13409734008829122
broken,50,54,0.4408693800510701
broken,50,55,0.28730651062722257
broken,50,56,0.28625893848121653
broken,50,57,0.36901291109176726
broken,50,58,0.5493227347282218
broken,50,59,0.041128871410275325
broken,50,6,0.27534943773641296
broken,50,60,0.11562782965826024
broken,50,61,0.15515104302571625
broken,50,62,0.384771623835539
broken,50,63,0.05817910329699649
broken,50,64,0.8555442374308123
broken,50,65,0.8189882775377655
broken,50,66,0.40881987003179265
broken,50,67,0.9099057241641587
broken,50,68,0.7180113033825596
broken,50,69,0.8974593146290424
broken,50,7,0.7034309784970781
broken,50,70,0.3023377552655505
broken,50,71,0.341747098358957
broken,50,72,0.7993970541014671
broken,50,73,0.463907697967889
broken,50,74,0.2703773218512351
broken,50,75,0.18785625080602986
broken,50,76,0.4558246683549164
broken,50,77,0.02400873232102263
broken,50,78,0.4566333103346353
broken,50,79,0.14496966421541713
broken,50,8,0.27622588611617693
broken,50,80,0.9501064856289729
broken,50,81,0.8603936249738078
broken,50,82,0.1259609724724844
broken,50,83,0.19877812400352524
broken,50,84,0.228514704274282
broken,50,85,0.8651295457055163
broken,50,86,0.913019873004327
broken,50,87,0.3743606519632108
broken,50,88,0.12383068968696065
broken,50,9,0.8627881193651062
broken,60,1,0.2296806158571636
broken,60,10,0.7733847182842085
broken,60,11,0.9116032594501119
broken,60,12,0.4910524568646173
broken,60,13,0.9018535885337706
broken,60,14,0.7788367422166785
broken,60,15,0.8352302773683431
broken,60,16,0.6990940554214209
broken,60,17,0.9375741215619502
broken,60,18,0.4792531176069965
broken,60,19,0.005283289732971874
broken,60,2,0.9218236561855813
broken,60,20,0.09832174945690209
broken,60,21,0.7563647223820502
broken,60,22,0.9704888131576471
broken,60,23,0.3180002461311383
broken,60,24,0.3437036069986952
broken,60,25,0.19359508531271652
broken,60,26,0.979109519739062
broken,60,27,0.49411986218582904
broken,60,28,0.17777530858345547
broken,60,29,0.3217743340040551
broken,60,3,0.35153078908188173
broken,60,30,0.7082967248931658
broken,60,31,0.6543706479768501
broken,60,32,0.46159350711296754
broken,60,33,0.6935572453549809
broken,60,34,0.4509603652423242
broken,60,35,0.13857922410257328
broken,60,36,0.6825165085208484
broken,60,37,0.5315014348583347
broken,60,38,0.45317467663119093
broken,60,39,0.6065644834193921
broken,60,4,0.8386281775600413
broken,60,40,0.14695103131858123
broken,60,41,0.16417011447548102
broken,60,42,0.01671944745833709
broken,60,43,0.057007166687609856
broken,60,44,0.6031276671843152
broken,60,45,0.60076626537597
broken,60,46,0.019266195101994676
broken,60,47,0.2537819966830238
broken,60,48,0.24269065998465955
broken,60,49,0.6599890703216985
broken,60,5,0.918928328066192
broken,60,50,0.3624150337554296
broken,60,51,0.021736508025692602
broken,60,52,0.36767812080011497
broken,60,53,0.1147946669561315
broken,60,54,0.5826246799143887
broken,60,55,0.2781165201081067
broken,60,56,0.1683903354552433
broken,60,57,0.40435925353882884
broken,60,58,0.5215788176611273
broken,60,59,0.755700217811146
broken,60,6,0.367013386929527
broken,60,60,0.47389954974818205
broken,60,61,0.6024488818710254
broken,60,62,0.7421893892926532
broken,60,63,0.6295648137254167
broken,60,64,0.39797914210401775
broken,60,65,0.6469133494891564
broken,60,66,0.4026961846790793
broken,60,67,0.6242901038188388
broken,60,68,0.8679476083075907
broken,60,69,0.9805028102953859
broken,60,7,0.6307106818128425
broken,60,70,0.015804880706337565
broken,60,71,0.5720426179708867
broken,60,72,0.8609422856279632
broken,60,73,0.8663071075734444
broken,60,74,0.6671975327946069
broken,60,75,0.4478603199620841
broken,60,76,0.3766680274962747
broken,60,77,0.2362226102190581
broken,60,78,0.8005882357391298
broken,60,79,0.13612463646425932
broken,60,8,0.3428301018702745
broken,60,80,0.43088759101767504
broken,60,81,0.8324628418804717
broken,60,82,0.205204297254034
broken,60,83,0.9767922606275029
broken,60,84,0.05823917573905102
broken,60,85,0.16259502715243979
broken,60,86,0.9341102032589483
broken,60,87,0.007478549133697054
broken,60,88,0.9508094580670623
broken,60,9,0.44955819337896963
broken,70,1,0.14648024859610176
broken,70,10,0.5453638977172145
broken,70,11,0.23852562154949286
broken,70,12,0.6047622206816908
broken,70,13,0.039674315077220745
broken,70,14,0.17854634633359845
broken,70,15,0.05846808278131432
broken,70,16,0.05103434316551403
broken,70,17,0.552880067877154
broken,70,18,0.026364700472470526
broken,70,19,0.5140502540717646
broken,70,2,0.48383312926780964
broken,70,20,0.19254621887095447
broken,70,21,0.3959286736449804
broken,70,22,0.3375639549649373
broken,70,23,0.6290264585581288
broken,70,24,0.07714903180778332
broken,70,25,0.35012839931047623
broken,70,26,0.44052966815582617
broken,70,27,0.7449291228296776
broken,70,28,0.7620972140035718
broken,70,29,0.5905896999641236
broken,70,3,0.018280471447461255
broken,70,30,0.05025367825984295
broken,70,31,0.9478946692687237
broken,70,32,0.05570907065130748
broken,70,33,0.5340993931738482
broken,70,34,0.2931144595672265
broken,70,35,0.8868784268454776
broken,70,36,0.9432471870499765
broken,70,37,0.8133373266241364
broken,70,38,0.0839717746046631
broken,70,39,0.22859142163065493
broken,70,4,0.28648456145450873
broken,70,40,0.9306602678094565
broken,70,41,0.12560295948727773
broken,70,42,0.5746606310521711
broken,70,43,0.8390473257816886
broken,70,44,0.5202801985736107
broken,70,45,0.8590653346680207
broken,70,46,0.556674979985071
broken,70,47,0.8376918993377126
broken,70,48,0.6045328868876798
broken,70,49,0.8436449486952323
broken,70,5,0.3534050048701791
broken,70,50,0.05637802233576439
broken,70,51,0.6078232747714655
broken,70,52,0.32631177595066674
broken,70,53,0.3046170689464528
broken,70,54,0.39016195977626944
broken,70,55,0.6013595379012426
broken,70,56,0.17972507856541964
broken,70,57,0.6495990167640864
broken,70,58,0.6647525133624478
broken,70,59,0.6060948218858293
broken,70,6,0.5548537953299131
broken,70,60,0.543809301054424
broken,70,61,0.16100260553609846
broken,70,62,0.1150514580774975
broken,70,63,0.39996607689677055
broken,70,64,0.15809598920197998
broken,70,65,0.5106764148040438
broken,70,66,0.06713130026745417
broken,70,67,0.09243161595852589
broken,70,68,0.12575340713359617
broken,70,69,0.6258569302751371
broken,70,7,0.07634284627212617
broken,70,70,0.13673614132265655
broken,70,71,0.42840066106808017
broken,70,72,0.5880135984910517
broken,70,73,0.8216686250496017
broken,70,74,0.9288757854306234
broken,70,75,0.43424368671286895
broken,70,76,0.7807684730462477
broken,70,77,0.627612191941294
broken,70,78,0.19777785649828494
broken,70,79,0.6760468816036034
broken,70,8,0.4356822602232283
broken,70,80,0.8477365951666841
broken,70,81,0.6750894460577919
broken,70,82,0.9865601820878956
broken,70,83,0.2464642172382725
broken,70,84,0.5669607423028732
broken,70,85,0.03566306610312486
broken,70,86,0.42696851344607467
broken,70,87,0.6871177937789025
broken,70,88,0.2148789171145069
broken,70,9,0.7926755924804986
broken,80,1,0.2707146799730874
broken,80,10,0.5185158804157154
broken,80,11,0.7695162104782418
broken,80,12,0.31955601653387233
broken,80,13,0.1958855065667361
broken,80,14,0.04246469816196641
broken,80,15,0.6599929693450853
broken,80,16,0.5058709231295493
broken,80,17,0.5549222480383469
broken,80,18,0.4505534212148681
broken,80,19,0.8160704793084392
broken,80,2,0.9847859289866444
broken,80,20,0.5377382917295245
broken,80,21,0.5137893461851811
broken,80,22,0.9871811730688258
broken,80,23,0.7629155080114512
broken,80,24,0.13848408716198757
broken,80,25,0.0674897454102078
broken,80,26,0.6007008593758878
broken,80,27,0.9233454004511517
broken,80,28,0.0242648068332858
broken,80,29,0.058976724195227814
broken,80,3,0.9983982122254423
broken,80,30,0.4870005354439886
broken,80,31,0.5704701916769271
broken,80,32,0.729349012391111
broken,80,33,0.2597114147524533
broken,80,34,0.3786215173278382
broken,80,35,0.3810473221445464
broken,80,36,0.17701225934721587
broken,80,37,0.8598076285217349
broken,80,38,0.9996189069336873
broken,80,39,0.024502810806439457
broken,80,4,0.6466533049317575
broken,80,40,0.9269170358500658
broken,80,41,0.3386986653026458
broken,80,42,0.645250995706535
broken,80,43,0.9320197089845059
broken,80,44,0.34042876570652103
broken,80,45,0.2975595384488634
broken,80,46,0.8077305023604617
broken,80,47,0.7119115650473384
broken,80,48,0.8449792070505131
broken,80,49,0.24810792241752377
broken,80,5,0.8407388537921457
broken,80,50,0.746227177310602
broken,80,51,0.3791330379039217
broken,80,52,0.3820535257855382
broken,80,53,0.09595307667653075
broken,80,54,0.9133873110233491
broken,80,55,0.21302421437835417
broken,80,56,0.5944897798396291
broken,80,57,0.05923503451426626
broken,80,58,0.20406340282267976
broken,80,59,0.9405324931705586
broken,80,6,0.49568806505489693
broken,80,60,0.961295942034396
broken,80,61,0.17620777829626366
broken,80,62,0.2461970835174423
broken,80,63,0.1487275634139824
broken,80,64,0.9653267513741882
broken,80,65,0.6023685015443225
broken,80,66,0.9171035018766465
broken,80,67,0.4134476322903494
broken,80,68,0.981117606833918
broken,80,69,0.7797085441207944
broken,80,7,0.39486914809555607
broken,80,70,0.1619933878495543
broken,80,71,0.8964282158229161
broken,80,72,0.7774070666657037
broken,80,73,0.42516340282117193
broken,80,74,0.29987875265282016
broken,80,75,0.00559805334111918
broken,80,76,0.19173740515979587
broken,80,77,0.8423732279110742
broken,80,78,0.4701849850151115
broken,80,79,0.1987981393703323
broken,80,8,0.15969204707218965
broken,80,80,0.05710672278676299
broken,80,81,0.4769239994750354
broken,80,82,0.4080220478555563
broken,80,83,0.06533723787300039
broken,80,84,0.17802074951200642
broken,80,85,0.9415974482409558
broken,80,86,0.5487579979503994
broken,80,87,0.6690780032545733
broken,80,88,0.7304964551092357
broken,80,9,0.4695160194600977
broken,90,1,0.7405189518214379
broken,90,10,0.2774113755697334
broken,90,11,0.08638826282850098
broken,90,12,0.32751597383262254
broken,90,13,0.9750954283873862
broken,90,14,0.6165079170921588
broken,90,15,0.3667854604766605
broken,90,16,0.1603344637209323
broken,90,17,0.181368358068682
broken,90,18,0.9491057491696296
broken,90,19,0.8734493838437197
broken,90,2,0.22814997688031236
broken,90,20,0.2884712332655651
broken,90,21,0.6339096586556816
broken,90,22,0.932934610964362
broken,90,23,0.3791869808814752
broken,90,24,0.24628595294599653
broken,90,25,0.7088706153243715
broken,90,26,0.8761326419242136
broken,90,27,0.3764310592729072
broken,90,28,0.43906124895715404
broken,90,29,0.7096767567869097
broken,90,3,0.7847951269029475
broken,90,30,0.8772544944454015
broken,90,31,0.8973692517172941
broken,90,32,0.6883268253298763
broken,90,33,0.23848375752146922
broken,90,34,0.857724468475425
broken,90,35,0.328961911351602
broken,90,36,0.0887924810498204
broken,90,37,0.043586727513823975
broken,90,38,0.4089942535578994
broken,90,39,0.6557138553487244
broken,90,4,0.9021920194598871
broken,90,40,0.6144562201845425
broken,90,41,0.4509371616007366
broken,90,42,0.8228408691753051
broken,90,43,0.9738089581647327
broken,90,44,0.7095085254883466
broken,90,45,0.3816297182735946
broken,90,46,0.4695216460497059
broken,90,47,0.06678058546678667
broken,90,48,0.7289584378995969
broken,90,49,0.9622061071166995
broken,90,5,0.5278814553821995
broken,90,50,0.7900310371926658
broken,90,51,0.06205234482948585
broken,90,52,0.4852656601090658
broken,90,53,0.7297596288976889
broken,90,54,0.013313228350953832
broken,90,55,0.5889024643770783
broken,90,56,0.2587638791681107
broken,90,57,0.01831555736304047
broken,90,58,0.29051423205065763
broken,90,59,0.8090175620400313
broken,90,6,0.3272640309739374
broken,90,60,0.5201090378418021
broken,90,61,0.5934555385404985
broken,90,62,0.2857551514923188
broken,90,63,0.46486567848240845
broken,90,64,0.06340910484031836
broken,90,65,0.7419159481923092
broken,90,66,0.6993161469525927
broken,90,67,0.651755530327716
broken,90,68,0.5746547361560826
broken,90,69,0.26779026573563014
broken,90,7,0.8237211530046632
broken,90,70,0.9388208112671071
broken,90,71,0.22490037381995576
broken,90,72,0.7832298392262401
broken,90,73,0.1772473666280857
broken,90,74,0.03975069413460075
broken,90,75,0.33879275410173815
broken,90,76,0.26055076276911415
broken,90,77,0.22913581129314375
broken,90,78,0.6696130672382214
broken,90,79,0.54724139003309
broken,90,8,0.9477035092251231
broken,90,80,0.8362494272059967
broken,90,81,0.4903602971596662
broken,90,82,0.9909929018337068
broken,90,83,0.4450286130784056
broken,90,84,0.14715616400495968
broken,90,85,0.775748213816516
broken,90,86,0.8615834106627488
broken,90,87,0.8247343754552132
broken,90,88,0.23511736072274902
broken,90,9,0.46117418420317335
healthy,0,1,0.4821638286467519
healthy,0,10,0.6968104671399171
healthy,0,11,0.32591732461003164
healthy,0,12,0.3304952087216668
healthy,0,13,0.44352643702111827
healthy,0,14,0.9762286111179675
healthy,0,15,0.005528474371542025
healthy,0,16,0.744414062706678
healthy,0,17,0.5346649773317612
healthy,0,18,0.9988700004854296
healthy,0,19,0.16273772284341015
healthy,0,2,0.5970330420525899
healthy,0,20,0.1768767338753955
healthy,0,21,0.20588315297983795
healthy,0,22,0.46873015451452327
healthy,0,23,0.46482815342285233
healthy,0,24,0.21749002646993665
healthy,0,25,0.6789565161075035
healthy,0,26,0.6762039468453176
healthy,0,27,0.38502194907248766
healthy,0,28,0.47749370430075433
healthy,0,29,0.28845952371901673
healthy,0,3,0.5495221791058875
healthy,0,30,0.9860382148009951
healthy,0,31,0.9766854089341113
healthy,0,32,0.001407617651810078
healthy,0,33,0.1732751433390427
healthy,0,34,0.3372252666487223
healthy,0,35,0.8525366329042626
healthy,0,36,0.43973000419451547
healthy,0,37,0.6821874733072506
healthy,0,38,0.07790081184433773
healthy,0,39,0.14851474947658116
healthy,0,4,0.34987450386660335
healthy,0,40,0.07312748968867921
healthy,0,41,0.973967323002647
healthy,0,42,0.7330831764183213
healthy,0,43,0.06996708304297283
healthy,0,44,0.5308979107266534
healthy,0,45,0.5948851771081978
healthy,0,46,0.0781245374262367
healthy,0,47,0.8675064642808338
healthy,0,48,0.3058454432825831
healthy,0,49,0.98681563038206
healthy,0,5,0.10722813111038354
healthy,0,50,0.700459745109229
healthy,0,51,0.9680589361860964
healthy,0,52,0.4354068000324991
healthy,0,53,0.6778029570026675
healthy,0,54,0.8852184390505952
healthy,0,55,0.9496068529989682
healthy,0,56,0.021142441663241085
healthy,0,57,0.6047764571837823
healthy,0,58,0.6420739828081384
healthy,0,59,0.2687522323054704
healthy,0,6,0.9600324828023667
healthy,0,60,0.6223298852402641
healthy,0,61,0.043386749030394745
healthy,0,62,0.17582562692755854
healthy,0,63,0.5740096132833667
healthy,0,64,0.46145517481852516
healthy,0,65,0.3394844564693227
healthy,0,66,0.8406909710548139
healthy,0,67,0.8065778815306339
healthy,0,68,0.5841775089081821
healthy,0,69,0.11392697512695282
healthy,0,7,0.13003611096518897
healthy,0,70,0.9978760902448637
healthy,0,71,0.6277894363651088
healthy,0,72,0.4913222226959858
healthy,0,73,0.7443544473324615
healthy,0,74,0.08125944120448247
healthy,0,75,0.14875777331667261
healthy,0,76,0.308271172487797
healthy,0,77,0.17505757649252462
healthy,0,78,0.24805680875710012
healthy,0,79,0.6170972835321142
healthy,0,8,0.1384201144562499
healthy,0,80,0.9416375875448612
healthy,0,81,0.6758996502453498
healthy,0,82,0.723008289763301
healthy,0,83,0.3879135797898692
healthy,0,84,0.6042006351316308
healthy,0,85,0.28808285278059553
healthy,0,86,0.8927464567091449
healthy,0,87,0.15435157818557943
healthy,0,88,0.9985315107166117
healthy,0,9,0.5155579975687679
healthy,10,1,0.7925017401964995
healthy,10,10,0.0782605633321406
healthy,10,11,0.9208653085213063
healthy,10,12,0.5206774002262136
healthy,10,13,0.2724631145893548
healthy,10,14,0.08851964595621353
healthy,10,15,0.6925844432172367
healthy,10,16,0.2346596970479412
healthy,10,17,0.540920672272065
healthy,10,18,0.943252318606092
healthy,10,19,0.46869014793161257
healthy,10,2,0.5038558196529777
healthy,10,20,0.3522371706420281
healthy,10,21,0.9435784247559762
healthy,10,22,0.7685931709177111
healthy,10,23,0.13348700850838413
healthy,10,24,0.36533880732512636
healthy,10,25,0.6549182267071593
healthy,10,26,0.706327228048211
healthy,10,27,0.6555454531065495
healthy,10,28,0.3441955819044229
healthy,10,29,0.6656953140598503
healthy,10,3,0.5666862539402376
healthy,10,30,0.23568158562955033
healthy,10,31,0.006193531814035702
healthy,10,32,0.12678466040374314
healthy,10,33,0.804311677507852
healthy,10,34,0.4243415086695137
healthy,10,35,0.4432574229184114
healthy,10,36,0.377614774098066
healthy,10,37,0.5542123437498165
healthy,10,38,0.6856472645144217
healthy,10,39,0.012445576212712806
healthy,10,4,0.263706294356461
healthy,10,40,0.15538202748185093
healthy,10,41,0.8515507628278599
healthy,10,42,0.480879151706902
healthy,10,43,0.5644634434125957
healthy,10,44,0.9374952970228491
healthy,10,45,0.8744298946516139
healthy,10,46,0.7331125897796816
healthy,10,47,0.5961276481544407
healthy,10,48,0.8292125218774271
healthy,10,49,0.3278477987328403
healthy,10,5,0.05505244827810074
healthy,10,50,0.1992756254557787
healthy,10,51,0.7678840143726552
healthy,10,52,0.40044176379957164
healthy,10,53,0.4242125389720567
healthy,10,54,0.8199414084456609
healthy,10,55,0.6136129861748961
healthy,10,56,0.9302781184609036
healthy,10,57,0.969770260860575
healthy,10,58,0.3025679984181614
healthy,10,59,0.7635227504369098
healthy,10,6,0.34509225935073773
healthy,10,60,0.9667265397283737
healthy,10,61,0.6934353941587683
healthy,10,62,0.17819361075503937
healthy,10,63,0.7382547219219375
healthy,10,64,0.07161391518345361
healthy,10,65,0.3074695192184148
healthy,10,66,0.9718922645987081
healthy,10,67,0.7231114935227214
healthy,10,68,0.2631516061654974
healthy,10,69,0.1976043268140304
healthy,10,7,0.6436291605549638
healthy,10,70,0.6776388570320674
healthy,10,71,0.18487936175145847
healthy,10,72,0.8378327179252116
healthy,10,73,0.8111433520421567
healthy,10,74,0.2987247278223215
healthy,10,75,0.7191698694375688
healthy,10,76,0.7550367226782192
healthy,10,77,0.4008395173174454
healthy,10,78,0.1876933017660828
healthy,10,79,0.13516090261308378
healthy,10,8,0.9778452312919869
healthy,10,80,0.048965710711180055
healthy,10,81,0.6835667458436363
healthy,10,82,0.5647112538678744
healthy,10,83,0.30448942012129976
healthy,10,84,0.2920132883719264
healthy,10,85,0.10470353046882352
healthy,10,86,0.8202467023023625
healthy,10,87,0.20643660305738254
healthy,10,88,0.08657254227576139
healthy,10,9,0.5136132807581086
healthy,20,1,0.9248671887726839
healthy,20,10,0.969065495109722
healthy,20,11,0.63920713406205
healthy,20,12,0.44164388547547195
healthy,20,13,0.7210885233822635
healthy,20,14,0.5576843402714644
healthy,20,15,0.012305352264497915
healthy,20,16,0.14130792744453136
healthy,20,17,0.5242657076914322
healthy,20,18,0.029358372494283524
healthy,20,19,0.5614867879695171
healthy,20,2,0.8743901508862825
healthy,20,20,0.7149935373287197
healthy,20,21,0.8445285924909111
healthy,20,22,0.49799805625148097
healthy,20,23,0.7425438061719231
healthy,20,24,0.6950812734879568
healthy,20,25,0.554754912684343
healthy,20,26,0.5782123285454965
healthy,20,27,0.5864134558634123
healthy,20,28,0.6746571959149288
healthy,20,29,0.6715435162958648
healthy,20,3,0.6753679718605693
healthy,20,30,0.9965865772718906
healthy,20,31,0.679025446190559
healthy,20,32,0.49785434471608914
healthy,20,33,0.8208938465377004
healthy,20,34,0.33493243164330766
healthy,20,35,0.3073419680699402
healthy,20,36,0.44057548597759233
healthy,20,37,0.9756971336632884
healthy,20,38,0.8233562782096435
healthy,20,39,0.6996497876331014
healthy,20,4,0.23968659004740844
healthy,20,40,0.40040699224589493
healthy,20,41,0.4680082153831028
healthy,20,42,0.495098076936073
healthy,20,43,0.017852867709427622
healthy,20,44,0.12270841038702662
healthy,20,45,0.6813848340313241
healthy,20,46,0.10140250671692608
healthy,20,47,0.6048021100954354
healthy,20,48,0.35456705562597823
healthy,20,49,0.6301206590252804
healthy,20,5,0.16024115481497114
healthy,20,50,0.16669550988431914
healthy,20,51,0.63805374079735
healthy,20,52,0.5219003421699796
healthy,20,53,0.1178580423457799
healthy,20,54,0.5413248718734119
healthy,20,55,0.8690950365893514
healthy,20,56,0.8785951935775166
healthy,20,57,0.7659629993882303
healthy,20,58,0.026140736834016742
healthy,20,59,0.9504800497352248
healthy,20,6,0.12274931141833278
healthy,20,60,0.7583881308863732
healthy,20,61,0.7347230194997273
healthy,20,62,0.10233852796352605
healthy,20,63,0.2987453513309922
healthy,20,64,0.8844595870983023
healthy,20,65,0.7078188181764714
healthy,20,66,0.21535951804755227
healthy,20,67,0.8362437495407701
healthy,20,68,0.5694314774546082
healthy,20,69,0.13139278967669188
healthy,20,7,0.5400566481348942
healthy,20,70,0.48953385839230434
healthy,20,71,0.508419297241877
healthy,20,72,0.32164491192619427
healthy,20,73,0.9763504852572129
healthy,20,74,0.18978006804889258
healthy,20,75,0.058792576185040524
healthy,20,76,0.2770464906059755
healthy,20,77,0.44269433118070356
healthy,20,78,0.6439576251979992
healthy,20,79,0.890583125892626
healthy,20,8,0.5943452156897542
healthy,20,80,0.01102063766219985
healthy,20,81,0.8653831945467938
healthy,20,82,0.9070082732166999
healthy,20,83,0.6865241759776037
healthy,20,84,0.9372605086947112
healthy,20,85,0.23453855853292438
healthy,20,86,0.863581036797301
healthy,20,87,0.9846613594997234
healthy,20,88,0.37670101550514457
healthy,20,9,0.47731860737027343
healthy,30,1,0.5653478302235132
healthy,30,10,0.44669604938641794
healthy,30,11,0.8977646241253582
healthy,30,12,0.1954168751156281
healthy,30,13,0.28900273977429924
healthy,30,14,0.23633422682203664
healthy,30,15,0.48953891540654115
healthy,30,16,0.9337679108551857
healthy,30,17,0.38905106676464074
healthy,30,18,0.35235595550037224
healthy,30,19,0.28175621897973613
healthy,30,2,0.7386591131312199
healthy,30,20,0.5921179588791435
healthy,30,21,0.19316823099685054
healthy,30,22,0.09307743087053966
healthy,30,23,0.914159560869032
healthy,30,24,0.5679159514971113
healthy,30,25,0.6359713248375712
healthy,30,26,0.605590843352766
healthy,30,27,0.6131285559809502
healthy,30,28,0.18685002632122205
healthy,30,29,0.8400178606417856
healthy,30,3,0.261119736367334
healthy,30,30,0.21105684442604156
healthy,30,31,0.7359163949373797
healthy,30,32,0.013302988159032858
healthy,30,33,0.9307688814633915
healthy,30,34,0.6366361042016254
healthy,30,35,0.7418877653894215
healthy,30,36,0.35539990842283187
healthy,30,37,0.7111874733904487
healthy,30,38,0.195810016172551
healthy,30,39,0.9547620209135137
healthy,30,4,0.8292499956255672
healthy,30,40,0.37971018926039246
healthy,30,41,0.7484543377708467
healthy,30,42,0.1529090886703376
healthy,30,43,0.33806694976203955
healthy,30,44,0.6165441594154637
healthy,30,45,0.10672881142080215
healthy,30,46,0.5094321898719057
healthy,30,47,0.8566455422149395
healthy,30,48,0.9998177747736281
healthy,30,49,0.03261623552949322
healthy,30,5,0.8379321574148934
healthy,30,50,0.5267121584397192
healthy,30,51,0.33797383511605916
healthy,30,52,0.1970102187510253
healthy,30,53,0.9251908108067504
healthy,30,54,0.6016761346259838
healthy,30,55,0.03086348196089117
healthy,30,56,0.5073289155312102
healthy,30,57,0.24502140887100188
healthy,30,58,0.7608214750322105
healthy,30,59,0.6480955221189405
healthy,30,6,0.07280556899057389
healthy,30,60,0.4679003471680193
healthy,30,61,0.7391443129646218
healthy,30,62,0.4692427716132257
healthy,30,63,0.08913004220813447
healthy,30,64,0.08278684203825237
healthy,30,65,0.6469282435362992
healthy,30,66,0.6414277351909842
healthy,30,67,0.12234717028338205
healthy,30,68,0.9658867943174383
healthy,30,69,0.28973685517548997
healthy,30,7,0.36681587725709586
healthy,30,70,0.09657589285539459
healthy,30,71,0.999163409246415
healthy,30,72,0.6265348536641598
healthy,30,73,0.12465578001394373
healthy,30,74,0.28540128673868836
healthy,30,75,0.3007490141784751
healthy,30,76,0.007884800217699328
healthy,30,77,0.6421922966933975
healthy,30,78,0.4146108284318616
healthy,30,79,0.9657474660837047
healthy,30,8,0.47173268587896444
healthy,30,80,0.7248888555568994
healthy,30,81,0.9533321478426972
healthy,30,82,0.9692449748392595
healthy,30,83,0.12350323383575335
healthy,30,84,0.8106663678078346
healthy,30,85,0.010046717569868413
healthy,30,86,0.957066277731905
healthy,30,87,0.02960515583002432
healthy,30,88,0.45140152682357537
healthy,30,9,0.0028136627517129087
healthy,40,1,0.06482014658940882
healthy,40,10,0.42905632662227067
healthy,40,11,0.06928172735724714
healthy,40,12,0.8675713793027096
healthy,40,13,0.7096560932565864
healthy,40,14,0.6857845814417602
healthy,40,15,0.29785548978825815
healthy,40,16,0.6428441704861515
healthy,40,17,0.3611313239660551
healthy,40,18,0.9924326681706536
healthy,40,19,0.1401781612477656
healthy,40,2,0.2042611656631167
healthy,40,20,0.811148251105445
healthy,40,21,0.808453843986453
healthy,40,22,0.7059904063329699
healthy,40,23,0.45790110669336215
healthy,40,24,0.3409638946341509
healthy,40,25,0.1622502514629418
healthy,40,26,0.1154006359808718
healthy,40,27,0.7550061037895034
healthy,40,28,0.5587475623420963
healthy,40,29,0.4243036063054555
healthy,40,3,0.4646005502406979
healthy,40,30,0.8797299339305034
healthy,40,31,0.2966728702298709
healthy,40,32,0.7372133032013419
healthy,40,33,0.37223448840851825
healthy,40,34,0.6646912838432976
healthy,40,35,0.6871291193501421
healthy,40,36,0.42128555274529933
healthy,40,37,0.9493050276283704
healthy,40,38,0.41268946548370966
healthy,40,39,0.7285478637830405
healthy,40,4,0.6350732937853492
healthy,40,40,0.16626020429270705
healthy,40,41,0.6472174619129478
healthy,40,42,0.1277293739816311
healthy,40,43,0.505702795434107
healthy,40,44,0.2371814783724726
healthy,40,45,0.2735760606745252
healthy,40,46,0.9497079180123176
healthy,40,47,0.5138328152825956
healthy,40,48,0.313780500515664
healthy,40,49,0.9096997773315159
healthy,40,5,0.04968181409694361
healthy,40,50,0.40926720447886333
healthy,40,51,0.8727383544204701
healthy,40,52,0.6050831738220903
healthy,40,53,0.015967257029072313
healthy,40,54,0.8857548445214284
healthy,40,55,0.3420691670265509
healthy,40,56,0.3274777935828991
healthy,40,57,0.7539881316143042
healthy,40,58,0.5016904743716645
healthy,40,59,0.07230820044406838
healthy,40,6,0.14609503418777592
healthy,40,60,0.7376714607987092
healthy,40,61,0.9050248425065236
healthy,40,62,0.4471751282735108
healthy,40,63,0.9551330578773164
healthy,40,64,0.07754962305045698
healthy,40,65,0.73952508864369
healthy,40,66,0.2109694376093294
healthy,40,67,0.1262125536581027
healthy,40,68,0.49712751353622675
healthy,40,69,0.28805680400322253
healthy,40,7,0.9736833837767905
healthy,40,70,0.28646102293939557
healthy,40,71,0.46460326694816734
healthy,40,72,0.23024605421621447
healthy,40,73,0.24482583999577268
healthy,40,74,0.6124434398209958
healthy,40,75,0.04727110534559131
healthy,40,76,0.6689553370694664
healthy,40,77,0.5098840062749345
healthy,40,78,0.4006478656121206
healthy,40,79,0.7352804556508951
healthy,40,8,0.18815742509316546
healthy,40,80,0.8069912611494937
healthy,40,81,0.23666440282197576
healthy,40,82,0.19249103089069286
healthy,40,83,0.5797018777152315
healthy,40,84,0.5638504246022957
healthy,40,85,0.11420126574868972
healthy,40,86,0.3122094870025053
healthy,40,87,0.6982831092032342
healthy,40,88,0.44560026400452735
healthy,40,9,0.9352081347904966
healthy,50,1,0.25202568597570174
healthy,50,10,0.57762473259993
healthy,50,11,0.2490579331952606
healthy,50,12,0.886505628493164
healthy,50,13,0.1370331229840206
healthy,50,14,0.5665020753284395
healthy,50,15,0.05788811270665095
healthy,50,16,0.030074275468328193
healthy,50,17,0.7703967651187715
healthy,50,18,0.6225996829133204
healthy,50,19,0.3366737057192165
healthy,50,2,0.8761579100507173
healthy,50,20,0.858314019649472
healthy,50,21,0.6109141304966897
healthy,50,22,0.6558782176373241
healthy,50,23,0.7326532061404155
healthy,50,24,0.2760532748570286
healthy,50,25,0.4854344197529876
healthy,50,26,0.650450026306047
healthy,50,27,0.7657049676297754
healthy,50,28,0.632884537294882
healthy,50,29,0.06825227839799974
healthy,50,3,0.7377033959221101
healthy,50,30,0.7882127121899412
healthy,50,31,0.6511778231296727
healthy,50,32,0.3495443571681085
healthy,50,33,0.398071260462907
healthy,50,34,0.5356349360164462
healthy,50,35,0.3243709493565723
healthy,50,36,0.8911574857447327
healthy,50,37,0.1587422352020864
healthy,50,38,0.4630378029902885
healthy,50,39,0.058413510630395904
healthy,50,4,0.40152354988906414
healthy,50,40,0.3654999698473057
healthy,50,41,0.44685848581229426
healthy,50,42,0.06626458226375276
healthy,50,43,0.08202227490023672
healthy,50,44,0.7429868438296592
healthy,50,45,0.06163530411842255
healthy,50,46,0.3056368229210604
healthy,50,47,0.6894571924355911
healthy,50,48,0.24519356136741755
healthy,50,49,0.8968383879706454
healthy,50,5,0.661616885908335
healthy,50,50,0.0787647742188684
healthy,50,51,0.23459270407864596
healthy,50,52,0.0005537146763073819
healthy,50,53,0.8788291274059963
healthy,50,54,0.0001653205353823184
healthy,50,55,0.7747868945626901
healthy,50,56,0.492269872656245
healthy,50,57,0.7759773249935601
healthy,50,58,0.5060510086889485
healthy,50,59,0.5072844010508966
healthy,50,6,0.3380740212269717
healthy,50,60,0.6595343208949647
healthy,50,61,0.2591684149462108
healthy,50,62,0.9810559518030465
healthy,50,63,0.9427323300650265
healthy,50,64,0.7644239379591519
healthy,50,65,0.9320325964633898
healthy,50,66,0.5056552462526891
healthy,50,67,0.9138454443455322
healthy,50,68,0.7303338925209398
healthy,50,69,0.4522829556401554
healthy,50,7,0.9877296172891393
healthy,50,70,0.3000291049215611
healthy,50,71,0.10669071580935874
healthy,50,72,0.7815295510705222
healthy,50,73,0.5313229764994889
healthy,50,74,0.1725818128427462
healthy,50,75,0.7096991880683821
healthy,50,76,0.23331041731409918
healthy,50,77,0.6720425846856197
healthy,50,78,0.8903623071729211
healthy,50,79,0.3287210223214342
healthy,50,8,0.5608134534634857
healthy,50,80,0.7315548510580016
healthy,50,81,0.5095394805254683
healthy,50,82,0.8478723059668699
healthy,50,83,0.9907724069142699
healthy,50,84,0.8024549337588389
healthy,50,85,0.5302140107356174
healthy,50,86,0.41428245956998155
healthy,50,87,0.6066572764037238
healthy,50,88,0.6970538413804135
healthy,50,9,0.9092788482206842
healthy,60,1,0.9745522809969055
healthy,60,10,0.5387646987872904
healthy,60,11,0.9303096476211479
healthy,60,12,0.5656113109567381
healthy,60,13,0.6028326964856308
healthy,60,14,0.9834006571096751
healthy,60,15,0.9666468655497701
healthy,60,16,0.19381661440333853
healthy,60,17,0.9723174881493024
healthy,60,18,0.6839254951798572
healthy,60,19,0.9567514774766973
healthy,60,2,0.35068657007360327
healthy,60,20,0.6962231471357992
healthy,60,21,0.9832987623973974
healthy,60,22,0.4732635281555023
healthy,60,23,0.7552231555621868
healthy,60,24,0.47432278854195553
healthy,60,25,0.8340877030409488
healthy,60,26,0.07567149841427412
healthy,60,27,0.006081357731320236
healthy,60,28,0.3353939020382384
healthy,60,29,0.01661556702115008
healthy,60,3,0.6914533181299909
healthy,60,30,0.242663069477439
healthy,60,31,0.7163410909952451
healthy,60,32,0.5255298156143858
healthy,60,33,0.03142686581802068
healthy,60,34,0.409789592188458
healthy,60,35,0.9896332759659039
healthy,60,36,0.6337280409166605
healthy,60,37,0.6365796473506498
healthy,60,38,0.17950356361208297
healthy,60,39,0.838807295119543
healthy,60,4,0.23612895575429882
healthy,60,40,0.1558056850928039
healthy,60,41,0.9390931382803552
healthy,60,42,0.5221840710176617
healthy,60,43,0.08943348480001068
healthy,60,44,0.3961721945949507
healthy,60,45,0.8700577326861563
healthy,60,46,0.11607558261559114
healthy,60,47,0.16532116738310532
healthy,60,48,0.6222673769708863
healthy,60,49,0.4240291814423931
healthy,60,5,0.9671313357224737
healthy,60,50,0.9941180156081371
healthy,60,51,0.5320406748551583
healthy,60,52,0.7343936459376003
healthy,60,53,0.9569311255181486
healthy,60,54,0.588232369173476
healthy,60,55,0.3266667678247749
healthy,60,56,0.9002362047188476
healthy,60,57,0.8980948094645043
healthy,60,58,0.4815865007661171
healthy,60,59,0.48251399956571406
healthy,60,6,0.4397280285515178
healthy,60,60,0.7768527778096037
healthy,60,61,0.9141576549104184
healthy,60,62,0.1933144841944715
healthy,60,63,0.6262168863628033
healthy,60,64,0.9183046274073744
healthy,60,65,0.3520020047162632
healthy,60,66,0.5791113681775307
healthy,60,67,0.5727501572336935
healthy,60,68,0.3830504592710673
healthy,60,69,0.0019260990700199487
healthy,60,7,0.5497090171777275
healthy,60,70,0.0064482898122205645
healthy,60,71,0.1814329903421923
healthy,60,72,0.4919999891925634
healthy,60,73,0.8786854157407894
healthy,60,74,0.7379635672039747
healthy,60,75,0.7206074723893588
healthy,60,76,0.4097293280563066
healthy,60,77,0.3776775061113652
healthy,60,78,0.07127109860192715
healthy,60,79,0.9576718502953255
healthy,60,8,0.484642816755285
healthy,60,80,0.612482526106076
healthy,60,81,0.645358301700249
healthy,60,82,0.0016330797956914944
healthy,60,83,0.026338989665865675
healthy,60,84,0.8611109955169375
healthy,60,85,0.25469437453166177
healthy,60,86,0.9546909225554885
healthy,60,87,0.9206949827659194
healthy,60,88,0.5738421089821581
healthy,60,9,0.16889824327152558
healthy,70,1,0.05660337888367517
healthy,70,10,0.2631566784722763
healthy,70,11,0.09282321975952301
healthy,70,12,0.49293606186008954
healthy,70,13,0.3833509676783464
healthy,70,14,0.03937675137830454
healthy,70,15,0.20316878986946185
healthy,70,16,0.018443942656658496
healthy,70,17,0.9038586667045081
healthy,70,18,0.14095156087845473
healthy,70,19,0.9428697348915723
healthy,70,2,0.18547876124264573
healthy,70,20,0.8741586600072279
healthy,70,21,0.14090775619315998
healthy,70,22,0.6199082811755211
healthy,70,23,0.30556988610817515
healthy,70,24,0.3498013839903661
healthy,70,25,0.4157567592567062
healthy,70,26,0.4901761106595802
healthy,70,27,0.6690466701399181
healthy,70,28,0.1100917619479338
healthy,70,29,0.7815108084999818
healthy,70,3,0.10753790716881162
healthy,70,30,0.390237093662242
healthy,70,31,0.2413356273341165
healthy,70,32,0.6124356855070255
healthy,70,33,0.30243768071032306
healthy,70,34,0.24790484041841743
healthy,70,35,0.5974614170104734
healthy,70,36,0.6246088241287168
healthy,70,37,0.4196147299393582
healthy,70,38,0.26715457324109704
healthy,70,39,0.8252375818682929
healthy,70,4,0.16015281880016285
healthy,70,40,0.06221722642930594
healthy,70,41,0.29378238724862027
healthy,70,42,0.4600954610484327
healthy,70,43,0.40357265329274816
healthy,70,44,0.9868235047404639
healthy,70,45,0.034296487603468484
healthy,70,46,0.31710541721608587
healthy,70,47,0.78258352829512
healthy,70,48,0.97131040413815
healthy,70,49,0.03929164563829002
healthy,70,5,0.7293071445062597
healthy,70,50,0.7989753609830254
healthy,70,51,0.970008177392247
healthy,70,52,0.46376133480220405
healthy,70,53,0.6274538351998601
healthy,70,54,0.9592685662878443
healthy,70,55,0.6669687131928698
healthy,70,56,0.5147774257837449
healthy,70,57,0.02702873533299599
healthy,70,58,0.07098386079776031
healthy,70,59,0.8627545817438733
healthy,70,6,0.49733437959368043
healthy,70,60,0.5558609008520812
healthy,70,61,0.4617198812428758
healthy,70,62,0.892837267329108
healthy,70,63,0.07022739204232731
healthy,70,64,0.016612607744636354
healthy,70,65,0.9997051352368992
healthy,70,66,0.4922666588537824
healthy,70,67,0.26536725556314034
healthy,70,68,0.4755933729858074
healthy,70,69,0.37822601785710463
healthy,70,7,0.3846480338072179
healthy,70,70,0.6148897464527927
healthy,70,71,0.17646759296637482
healthy,70,72,0.6553858115786144
healthy,70,73,0.13142686547734317
healthy,70,74,0.952878433728037
healthy,70,75,0.44959532961737014
healthy,70,76,0.646919028238728
healthy,70,77,0.7200006977434867
healthy,70,78,0.2531484950732834
healthy,70,79,0.6203461411673261
healthy,70,8,0.17257567171177057
healthy,70,80,0.06264321842202036
healthy,70,81,0.4922653689067158
healthy,70,82,0.8490689772249062
healthy,70,83,0.7066740716525685
healthy,70,84,0.07762546841308482
healthy,70,85,0.6155217430300564
healthy,70,86,0.27190560574272393
healthy,70,87,0.20697231536522853
healthy,70,88,0.8594529323113248
healthy,70,9,0.5303733078579228
healthy,80,1,0.3064331489090959
healthy,80,10,0.8635564808814657
healthy,80,11,0.6084560386640783
healthy,80,12,0.46420237908694206
healthy,80,13,0.740920577961179
healthy,80,14,0.21295779606346033
healthy,80,15,0.6420098808606037
healthy,80,16,0.6490815796335176
healthy,80,17,0.582671043495759
healthy,80,18,0.15949218873562276
healthy,80,19,0.07472321594801878
healthy,80,2,0.5435972671260333
healthy,80,20,0.2735345658142906
healthy,80,21,0.18048593730583262
healthy,80,22,0.17381757084645189
healthy,80,23,0.3544839540696114
healthy,80,24,0.9985371513606386
healthy,80,25,0.5988985172258885
healthy,80,26,0.8696264520031244
healthy,80,27,0.8999046204853554
healthy,80,28,0.6175223993187874
healthy,80,29,0.0820218182696415
healthy,80,3,0.44339042828661535
healthy,80,30,0.7314898276520941
healthy,80,31,0.9457598523782025
healthy,80,32,0.468437449948649
healthy,80,33,0.4411895259985431
healthy,80,34,0.2821546669366105
healthy,80,35,0.2767692263838796
healthy,80,36,0.007932733113882096
healthy,80,37,0.3539817967768013
healthy,80,38,0.010806892084586517
healthy,80,39,0.26349720652151143
healthy,80,4,0.2457884339948473
healthy,80,40,0.8233466479549614
healthy,80,41,0.24873979789295142
healthy,80,42,0.6079102917678401
healthy,80,43,0.45148388879554924
healthy,80,44,0.5667209747176366
healthy,80,45,0.41355004590745825
healthy,80,46,0.3214279012868839
healthy,80,47,0.07917919737726453
healthy,80,48,0.9952535979963657
healthy,80,49,0.42468221798596106
healthy,80,5,0.09214543077132542
healthy,80,50,0.917843871746159
healthy,80,51,0.8227183588396073
healthy,80,52,0.11513089756036432
healthy,80,53,0.10711103292410729
healthy,80,54,0.9753167948508998
healthy,80,55,0.8381431600152734
healthy,80,56,0.4729577745638508
healthy,80,57,0.49098896921385626
healthy,80,58,0.3688188119363143
healthy,80,59,0.9752572593658397
healthy,80,6,0.2989667671401872
healthy,80,60,0.13892303247183213
healthy,80,61,0.9332515777037725
healthy,80,62,0.31611405721196306
healthy,80,63,0.1899650067172317
healthy,80,64,0.043294198009825036
healthy,80,65,0.6558608662923303
healthy,80,66,0.022914357700562382
healthy,80,67,0.38057837332813704
healthy,80,68,0.7812202826066327
healthy,80,69,0.028417153547313778
healthy,80,7,0.41153319569777513
healthy,80,70,0.3793062710247479
healthy,80,71,0.36796919338699385
healthy,80,72,0.622817017388457
healthy,80,73,0.7463307562961405
healthy,80,74,0.8832901674976544
healthy,80,75,0.42789749479292316
healthy,80,76,0.06860860245318567
healthy,80,77,0.04360594409282792
healthy,80,78,0.5986547017874927
healthy,80,79,0.8765071019827041
healthy,80,8,0.49042650969556767
healthy,80,80,0.4402837607698231
healthy,80,81,0.9807089341009037
healthy,80,82,0.894780622534598
healthy,80,83,0.14756057839879988
healthy,80,84,0.2717324386163089
healthy,80,85,0.6987379367733333
healthy,80,86,0.3422382205495924
healthy,80,87,0.47786154142078907
healthy,80,88,0.7960767418124381
healthy,80,9,0.5414834322397799
healthy,90,1,0.23856393640519935
healthy,90,10,0.6113013797451118
healthy,90,11,0.49792925892858586
healthy,90,12,0.5128554889579193
healthy,90,13,0.3599238478485147
healthy,90,14,0.29834679096328187
healthy,90,15,0.2256611123447183
healthy,90,16,0.447876894167357
healthy,90,17,0.9761113592162542
healthy,90,18,0.09964572274517802
healthy,90,19,0.6523906090247649
healthy,90,2,0.5678887601667405
healthy,90,20,0.6093971886941315
healthy,90,21,0.4696574122866809
healthy,90,22,0.9125459256144354
healthy,90,23,0.6682450423632461
healthy,90,24,0.9200515038316514
healthy,90,25,0.8211148092701891
healthy,90,26,0.358590381230385
healthy,90,27,0.5379855278741263
healthy,90,28,0.46222774573259107
healthy,90,29,0.9792598096254685
healthy,90,3,0.412781718877936
healthy,90,30,0.8929390323913616
healthy,90,31,0.5885960237527784
healthy,90,32,0.022112296995746794
healthy,90,33,0.4001607585905176
healthy,90,34,0.7020675280237185
healthy,90,35,0.6633509176979089
healthy,90,36,0.4996103240708044
healthy,90,37,0.274670926028184
healthy,90,38,0.7182421230121481
healthy,90,39,0.16268386120210665
healthy,90,4,0.2887685856392531
healthy,90,40,0.46421168083216413
healthy,90,41,0.6274497390702122
healthy,90,42,0.23855104914538539
healthy,90,43,0.7325563530893403
healthy,90,44,0.8017878723712372
healthy,90,45,0.808615692426705
healthy,90,46,0.6812507827063115
healthy,90,47,0.019279501455355175
healthy,90,48,0.8075596749293872
healthy,90,49,0.1926481618977629
healthy,90,5,0.6671502408077093
healthy,90,50,0.9729335648586181
healthy,90,51,0.4474901159978769
healthy,90,52,0.501670505558404
healthy,90,53,0.26176089968171934
healthy,90,54,0.9828207199505152
healthy,90,55,0.994768763846314
healthy,90,56,0.04658354967822098
healthy,90,57,0.9242809609856004
healthy,90,58,0.46476748770697074
healthy,90,59,0.0579317503332194
healthy,90,6,0.06367372728490672
healthy,90,60,0.0734766857685557
healthy,90,61,0.12143074002815524
healthy,90,62,0.24982966090923664
healthy,90,63,0.4477713190811037
healthy,90,64,0.4006409535347081
healthy,90,65,0.33009593158374073
healthy,90,66,0.1305899447582557
healthy,90,67,0.40169641914718834
healthy,90,68,0.7526362911899093
healthy,90,69,0.8971657826646008
healthy,90,7,0.8617264027038477
healthy,90,70,0.6722655500814436
healthy,90,71,0.8059556288652806
healthy,90,72,0.7117595784043441
healthy,90,73,0.518541711360301
healthy,90,74,0.548578096781022
healthy,90,75,0.28973423108998986
healthy,90,76,0.9136733751017725
healthy,90,77,0.5766249752225266
healthy,90,78,0.0032086038121436067
healthy,90,79,0.46084841685512523
healthy,90,8,0.49655340047638785
healthy,90,80,0.31974720522387856
healthy,90,81,0.9970432561477193
healthy,90,82,0.05178567177224125
healthy,90,83,0.2809694537015949
healthy,90,84,0.736558747407413
healthy,90,85,0.17892819837955898
healthy,90,86,0.7918461673127107
healthy,90,87,0.9829607180538336
healthy,90,88,0.6078841823729059
healthy,90,9,0.3798589690567331
